{"stats":{"minecraft:killed_by":{"minecraft:drowned":1,"minecraft:creeper":1,"minecraft:zombie":1},"minecraft:mined":{"minecraft:cut_sandstone":2,"minecraft:kelp_plant":1,"minecraft:iron_ore":30,"minecraft:jungle_leaves":1,"minecraft:granite":1,"minecraft:grass":8,"minecraft:acacia_log":8,"minecraft:grass_block":3,"minecraft:coal_ore":54,"minecraft:melon":16,"minecraft:cocoa":2,"minecraft:jungle_log":7,"minecraft:gravel":1,"minecraft:sand":1,"minecraft:copper_ore":10,"minecraft:cobblestone":2,"minecraft:stone":24,"minecraft:diorite":1,"minecraft:oak_leaves":2,"minecraft:wall_torch":1,"minecraft:spawner":1},"minecraft:picked_up":{"minecraft:cocoa_beans":8,"minecraft:raw_iron":30,"minecraft:jungle_log":7,"minecraft:cut_sandstone":2,"minecraft:acacia_log":8,"minecraft:gravel":1,"minecraft:sand":2,"minecraft:diorite":1,"minecraft:spider_eye":1,"minecraft:dirt":3,"minecraft:raw_copper":38,"minecraft:arrow":2,"minecraft:wheat_seeds":2,"minecraft:granite":1,"minecraft:jungle_sapling":2,"minecraft:oak_sapling":1,"minecraft:melon_slice":80,"minecraft:coal":54,"minecraft:cobblestone":26},"minecraft:used":{"minecraft:wooden_axe":34,"minecraft:melon_slice":12,"minecraft:stone_pickaxe":128,"minecraft:wooden_pickaxe":38,"minecraft:torch":33,"minecraft:crafting_table":3},"minecraft:killed":{"minecraft:skeleton":1,"minecraft:spider":1},"minecraft:broken":{"minecraft:wooden_pickaxe":1},"minecraft:crafted":{"minecraft:crafting_table":3,"minecraft:stick":28,"minecraft:wooden_pickaxe":1,"minecraft:stone_pickaxe":1,"minecraft:wooden_axe":1,"minecraft:acacia_planks":32,"minecraft:torch":84},"minecraft:custom":{"minecraft:time_since_rest":1918,"minecraft:sprint_one_cm":84188,"minecraft:damage_taken":1420,"minecraft:walk_one_cm":43343,"minecraft:mob_kills":3,"minecraft:damage_dealt":500,"minecraft:swim_one_cm":55154,"minecraft:interact_with_crafting_table":3,"minecraft:fly_one_cm":116865,"minecraft:open_chest":3,"minecraft:crouch_one_cm":12,"minecraft:play_time":54535,"minecraft:deaths":5,"minecraft:sneak_time":100,"minecraft:walk_under_water_one_cm":5714,"minecraft:jump":550,"minecraft:leave_game":3,"minecraft:walk_on_water_one_cm":11505,"minecraft:time_since_death":1898,"minecraft:total_world_time":54535,"minecraft:climb_one_cm":2433,"minecraft:fall_one_cm":24676}},"DataVersion":3465}