{"stats":{"minecraft:killed_by":{"minecraft:creeper":1,"minecraft:zombie":1},"minecraft:picked_up":{"minecraft:crafting_table":8,"minecraft:andesite":5,"minecraft:dirt":1,"minecraft:string":18,"minecraft:raw_copper":3,"minecraft:bone":2,"minecraft:wheat_seeds":9,"minecraft:cobbled_deepslate":6,"minecraft:raw_gold":1,"minecraft:furnace":2,"minecraft:raw_iron":55,"minecraft:acacia_log":9,"minecraft:diorite":9,"minecraft:white_bed":1,"minecraft:redstone":40,"minecraft:arrow":2,"minecraft:diamond":16,"minecraft:granite":23,"minecraft:coal":163,"minecraft:cobblestone":82},"minecraft:killed":{"minecraft:skeleton":3,"minecraft:zombie":3},"minecraft:custom":{"minecraft:interact_with_furnace":19,"minecraft:mob_kills":7,"minecraft:interact_with_crafting_table":16,"minecraft:leave_game":13,"minecraft:time_since_death":15629,"minecraft:sleep_in_bed":1,"minecraft:time_since_rest":13953,"minecraft:sprint_one_cm":122005,"minecraft:damage_taken":1385,"minecraft:walk_one_cm":123550,"minecraft:damage_blocked_by_shield":485,"minecraft:damage_dealt":1395,"minecraft:fly_one_cm":248708,"minecraft:crouch_one_cm":3721,"minecraft:play_time":139145,"minecraft:sneak_time":2229,"minecraft:deaths":5,"minecraft:walk_under_water_one_cm":1391,"minecraft:jump":805,"minecraft:walk_on_water_one_cm":5580,"minecraft:total_world_time":139145,"minecraft:fall_one_cm":28677},"minecraft:mined":{"minecraft:diamond_ore":11,"minecraft:white_bed":1,"minecraft:deepslate_diamond_ore":5,"minecraft:crafting_table":8,"minecraft:glow_lichen":1,"minecraft:granite":23,"minecraft:acacia_log":9,"minecraft:tall_grass":32,"minecraft:copper_ore":1,"minecraft:cobblestone":10,"minecraft:diorite":9,"minecraft:spawner":1,"minecraft:redstone_ore":9,"minecraft:furnace":2,"minecraft:iron_ore":53,"minecraft:andesite":5,"minecraft:grass":67,"minecraft:coal_ore":125,"minecraft:deepslate_iron_ore":2,"minecraft:dirt":1,"minecraft:cobweb":18,"minecraft:stone":73,"minecraft:gold_ore":1,"minecraft:deepslate":6},"minecraft:crafted":{"minecraft:fishing_rod":1,"minecraft:crafting_table":1,"minecraft:wooden_pickaxe":1,"minecraft:iron_helmet":1,"minecraft:iron_sword":1,"minecraft:furnace":1,"minecraft:bucket":1,"minecraft:stone_axe":1,"minecraft:air":0,"minecraft:iron_boots":1,"minecraft:white_wool":4,"minecraft:iron_chestplate":1,"minecraft:shield":1,"minecraft:iron_axe":1,"minecraft:stick":20,"minecraft:iron_ingot":39,"minecraft:iron_pickaxe":2,"minecraft:stone_pickaxe":1,"minecraft:stone_sword":1,"minecraft:iron_leggings":1,"minecraft:white_bed":1,"minecraft:acacia_planks":36},"minecraft:used":{"minecraft:water_bucket":16,"minecraft:diorite":3,"minecraft:stone_sword":25,"minecraft:stone_pickaxe":131,"minecraft:wooden_pickaxe":21,"minecraft:shield":13,"minecraft:iron_sword":29,"minecraft:dirt":1,"minecraft:crafting_table":7,"minecraft:white_bed":1,"minecraft:granite":14,"minecraft:iron_axe":2,"minecraft:iron_pickaxe":187,"minecraft:stone_axe":5,"minecraft:cobblestone":50,"minecraft:furnace":2,"minecraft:bucket":17},"minecraft:broken":{"minecraft:stone_pickaxe":1}},"DataVersion":3465}